8838	/Language/Symbols/Left Shoe Underbar.htm
9056	/Language/Primitive Operators/Variant.htm
9060	/Language/Primitive Operators/Rank.htm
9016	/Language/Primitive Operators/Key.htm
9018	/Language/Primitive Operators/Stencil.htm
9080	/Language/Symbols/Iota Underbar.htm
⎕u2286	/Language/Symbols/Left Shoe Underbar.htm
⎕u2360	/Language/Primitive Operators/Variant.htm
⎕u2364	/Language/Primitive Operators/Rank.htm
⎕u2338	/Language/Primitive Operators/Key.htm
⎕u233a	/Language/Primitive Operators/Stencil.htm
⎕u2378	/Language/Symbols/Iota Underbar.htm
+	/Language/Symbols/Plus Sign.htm
-	/Language/Symbols/Minus Sign.htm
×	/Language/Symbols/Times Sign.htm
÷	/Language/Symbols/Divide Sign.htm
⌈	/Language/Symbols/Upstile.htm
⌊	/Language/Symbols/Downstile.htm
*	/Language/Symbols/Star.htm
⍟	/Language/Symbols/Log.htm
|	/Language/Symbols/Stile.htm
!	/Language/Symbols/Exclamation Mark.htm
○	/Language/Symbols/Circle.htm
~	/Language/Symbols/Tilde.htm
∨	/Language/Symbols/Logical Or.htm
∧	/Language/Symbols/Logical And.htm
⍱	/Language/Symbols/Nor Symbol.htm
⍲	/Language/Symbols/Nand Symbol.htm
<	/Language/Symbols/Less Than Sign.htm
≤	/Language/Symbols/Less Than Or Equal To Sign.htm
=	/Language/Symbols/Equal Sign.htm
≥	/Language/Symbols/Greater Than Or Equal To Sign.htm
>	/Language/Symbols/Greater Than Sign.htm
≠	/Language/Symbols/Not Equal To.htm
.	/Language/Symbols/Dot.htm
@	/Language/Primitive Operators/At.htm
≡	/Language/Symbols/Equal Underbar.htm
≢	/Language/Symbols/Equal Underbar Slash.htm
⍴	/Language/Symbols/Rho.htm
,	/Language/Symbols/Comma.htm
⍪	/Language/Symbols/Comma Bar.htm
⍳	/Language/Symbols/Iota.htm
↑	/Language/Symbols/Up Arrow.htm
↓	/Language/Symbols/Down Arrow.htm
?	/Language/Symbols/Question Mark.htm
⍒	/Language/Symbols/Grade Down.htm
⍋	/Language/Symbols/Grade Up.htm
⍉	/Language/Symbols/Transpose.htm
⌽	/Language/Symbols/Circle Stile.htm
⊖	/Language/Symbols/Circle Bar.htm
∊	/Language/Symbols/Epsilon.htm
⊥	/Language/Symbols/Decode Symbol.htm
⊤	/Language/Symbols/Encode Symbol.htm
⍎	/Language/Symbols/Execute Symbol.htm
⍕	/Language/Symbols/Thorn Symbol.htm
⌹	/Language/Symbols/Domino.htm
⊂	/Language/Symbols/Left Shoe.htm
⊃	/Language/Symbols/Right Shoe.htm
∪	/Language/Symbols/Set Union.htm
∩	/Language/Symbols/Set Intersection.htm
⍷	/Language/Symbols/Epsilon Underbar.htm
⌷	/Language/Symbols/Index Symbol.htm
∘	/Language/Symbols/Jot.htm
→	/Language/Symbols/Right Arrow.htm
←	/Language/Symbols/Left Arrow.htm
⎕	/Language/System Functions/Evaluated Input Output.htm
⍞	/Language/System Functions/Character Input Output.htm
/	/Language/Symbols/Slash.htm
⌿	/Language/Symbols/Slash Bar.htm
\	/Language/Symbols/Slope.htm
⍀	/Language/Symbols/Slope Bar.htm
¨	/Language/Symbols/Dieresis.htm
⍣	/Language/Symbols/DieresisStar.htm
&	/Language/Symbols/Ampersand.htm
⍨	/Language/Symbols/Dieresis Tilde.htm
⌶	/Language/Symbols/IBeam.htm
#	/Language/Symbols/Special Symbols.htm
⊆	/Language/Symbols/Left Shoe Underbar.htm
⊣	/Language/Symbols/Left Tack.htm
⊢	/Language/Symbols/Right Tack.htm
⍠	/Language/Primitive Operators/Variant.htm
⍤	/Language/Primitive Operators/Rank.htm
⌸	/Language/Primitive Operators/Key.htm
⌺	/Language/Primitive Operators/Stencil.htm
⍸	/Language/Symbols/Iota Underbar.htm
(	/Language/Symbols/Brackets.htm
)	/Language/Symbols/Brackets.htm
[	/Language/Symbols/Brackets.htm
]	/Language/Symbols/Brackets.htm
;	/Language/Symbols/Special Symbols.htm
⍝	/Language/Defined Functions and Operators/Statements.htm
⋄	/Language/Defined Functions and Operators/Statements.htm
:	/Language/Symbols/Special Symbols.htm
⍬	/Language/Symbols/Zilde Symbol.htm
{	/Language/Symbols/Brackets.htm
}	/Language/Symbols/Brackets.htm
∇	/Language/Symbols/Special Symbols.htm
all	/GUI/MethodOrEvents/All.htm
mousedown	/GUI/MethodOrEvents/MouseDown.htm
mouseup	/GUI/MethodOrEvents/MouseUp.htm
mousemove	/GUI/MethodOrEvents/MouseMove.htm
mouseclick	/GUI/MethodOrEvents/MouseClick.htm
mousedblclick	/GUI/MethodOrEvents/MouseDblClick.htm
mouseenter	/GUI/MethodOrEvents/MouseEnter.htm
mouseleave	/GUI/MethodOrEvents/MouseLeave.htm
mousewheel	/GUI/MethodOrEvents/MouseWheel.htm
dragover	/GUI/MethodOrEvents/DragOver.htm
dragdrop	/GUI/MethodOrEvents/DragDrop.htm
dragstart	/GUI/MethodOrEvents/DragStart.htm
draglistmove	/GUI/MethodOrEvents/DragListMove.htm
draglistcopy	/GUI/MethodOrEvents/DragListCopy.htm
keychar	/GUI/MethodOrEvents/KeyChar.htm
keydown	/GUI/MethodOrEvents/KeyDown.htm
keyup	/GUI/MethodOrEvents/KeyUp.htm
keypress	/GUI/MethodOrEvents/KeyPress.htm
keyerror	/GUI/MethodOrEvents/KeyError.htm
gridkeypress	/GUI/MethodOrEvents/GridKeyPress.htm
showsip	/GUI/MethodOrEvents/ShowSIP.htm
animate	/GUI/MethodOrEvents/Animate.htm
select	/GUI/MethodOrEvents/Select.htm
configure	/GUI/MethodOrEvents/Configure.htm
expose	/GUI/MethodOrEvents/Expose.htm
close	/GUI/MethodOrEvents/Close.htm
create	/GUI/MethodOrEvents/Create.htm
statechange	/GUI/MethodOrEvents/StateChange.htm
change	/GUI/MethodOrEvents/Change.htm
scroll	/GUI/Objects/Scroll.htm
vscroll	/GUI/Properties/VScroll.htm
hscroll	/GUI/Properties/HScroll.htm
gotfocus	/GUI/MethodOrEvents/GotFocus.htm
lostfocus	/GUI/MethodOrEvents/LostFocus.htm
mdiactivate	/GUI/MethodOrEvents/MDIActivate.htm
mdideactivate	/GUI/MethodOrEvents/MDIDeactivate.htm
dropdown	/GUI/MethodOrEvents/DropDown.htm
closeup	/GUI/MethodOrEvents/CloseUp.htm
dde	/GUI/MethodOrEvents/DDE.htm
msgbtn1	/GUI/MethodOrEvents/MsgBtn1.htm
msgbtn2	/GUI/MethodOrEvents/MsgBtn2.htm
msgbtn3	/GUI/MethodOrEvents/MsgBtn3.htm
fileboxok	/GUI/MethodOrEvents/FileBoxOK.htm
fileboxcancel	/GUI/MethodOrEvents/FileBoxCancel.htm
locator	/GUI/Objects/Locator.htm
fileread	/GUI/MethodOrEvents/FileRead.htm
filewrite	/GUI/MethodOrEvents/FileWrite.htm
getservicestate	/GUI/MethodOrEvents/GetServiceState.htm
setservicestate	/GUI/MethodOrEvents/SetServiceState.htm
servicenotification	/GUI/MethodOrEvents/ServiceNotification.htm
dyalogcustommessage1	/GUI/MethodOrEvents/DyalogCustomMessage1.htm
print	/GUI/MethodOrEvents/Print.htm
setup	/GUI/MethodOrEvents/Setup.htm
newpage	/GUI/MethodOrEvents/NewPage.htm
abort	/GUI/MethodOrEvents/Abort.htm
mdicascade	/GUI/MethodOrEvents/MDICascade.htm
mditile	/GUI/MethodOrEvents/MDITile.htm
mdiarrange	/GUI/MethodOrEvents/MDIArrange.htm
clipchange	/GUI/MethodOrEvents/ClipChange.htm
objectfromhandle	/GUI/MethodOrEvents/ObjectFromHandle.htm
idle	/GUI/MethodOrEvents/Idle.htm
exitwindows	/GUI/MethodOrEvents/ExitWindows.htm
exitapp	/GUI/MethodOrEvents/ExitApp.htm
wininichange	/GUI/MethodOrEvents/WinIniChange.htm
syscolorchange	/GUI/MethodOrEvents/SysColorChange.htm
flush	/GUI/MethodOrEvents/Flush.htm
namefromhandle	/GUI/MethodOrEvents/NameFromHandle.htm
displaychange	/GUI/MethodOrEvents/DisplayChange.htm
greetbitmap	/GUI/MethodOrEvents/GreetBitmap.htm
activateapp	/GUI/MethodOrEvents/ActivateApp.htm
timer	/GUI/Objects/Timer.htm
setunicodetable	/GUI/MethodOrEvents/SetUnicodeTable.htm
getcommandline	/GUI/MethodOrEvents/GetCommandLine.htm
gettextsize	/GUI/MethodOrEvents/GetTextSize.htm
wait	/GUI/MethodOrEvents/Wait.htm
getcommandlineargs	/GUI/MethodOrEvents/GetCommandLineArgs.htm
readunicodefile	/GUI/MethodOrEvents/ReadUnicodeFile.htm
cellchange	/GUI/MethodOrEvents/CellChange.htm
cellmove	/GUI/MethodOrEvents/CellMove.htm
addrow	/GUI/MethodOrEvents/AddRow.htm
addcol	/GUI/MethodOrEvents/AddCol.htm
delrow	/GUI/MethodOrEvents/DelRow.htm
delcol	/GUI/MethodOrEvents/DelCol.htm
setcelltype	/GUI/MethodOrEvents/SetCellType.htm
cellerror	/GUI/MethodOrEvents/CellError.htm
rowchange	/GUI/MethodOrEvents/RowChange.htm
colchange	/GUI/MethodOrEvents/ColChange.htm
cellover	/GUI/MethodOrEvents/CellOver.htm
celldown	/GUI/MethodOrEvents/CellDown.htm
cellup	/GUI/MethodOrEvents/CellUp.htm
celldblclick	/GUI/MethodOrEvents/CellDblClick.htm
cellchanged	/GUI/MethodOrEvents/CellChanged.htm
gridselect	/GUI/MethodOrEvents/GridSelect.htm
undo	/GUI/MethodOrEvents/Undo.htm
setcellset	/GUI/MethodOrEvents/SetCellSet.htm
rowsetvisibledepth	/GUI/MethodOrEvents/RowSetVisibleDepth.htm
colsorted	/GUI/MethodOrEvents/ColSorted.htm
setrowsize	/GUI/MethodOrEvents/SetRowSize.htm
setcolsize	/GUI/MethodOrEvents/SetColSize.htm
duplicaterow	/GUI/MethodOrEvents/DuplicateRow.htm
duplicatecolumn	/GUI/MethodOrEvents/DuplicateColumn.htm
badvalue	/GUI/MethodOrEvents/BadValue.htm
gridcut	/GUI/MethodOrEvents/GridCut.htm
gridcopy	/GUI/MethodOrEvents/GridCopy.htm
gridpaste	/GUI/MethodOrEvents/GridPaste.htm
griddelete	/GUI/MethodOrEvents/GridDelete.htm
gridpasteerror	/GUI/MethodOrEvents/GridPasteError.htm
griddropsel	/GUI/MethodOrEvents/GridDropSel.htm
gridcopyerror	/GUI/MethodOrEvents/GridCopyError.htm
cellfrompoint	/GUI/MethodOrEvents/CellFromPoint.htm
getcellrect	/GUI/MethodOrEvents/GetCellRect.htm
indexchanged	/GUI/MethodOrEvents/IndexChanged.htm
addcomment	/GUI/MethodOrEvents/AddComment.htm
delcomment	/GUI/MethodOrEvents/DelComment.htm
getcomment	/GUI/MethodOrEvents/GetComment.htm
showcomment	/GUI/MethodOrEvents/ShowComment.htm
hidecomment	/GUI/MethodOrEvents/HideComment.htm
clickcomment	/GUI/MethodOrEvents/ClickComment.htm
lockrows	/GUI/MethodOrEvents/LockRows.htm
lockcolumns	/GUI/MethodOrEvents/LockColumns.htm
hiderows	/GUI/MethodOrEvents/HideRows.htm
hidecolumns	/GUI/MethodOrEvents/HideColumns.htm
protectrows	/GUI/MethodOrEvents/ProtectRows.htm
protectcolumns	/GUI/MethodOrEvents/ProtectColumns.htm
choosefont	/GUI/MethodOrEvents/ChooseFont.htm
fontok	/GUI/MethodOrEvents/FontOK.htm
fontcancel	/GUI/MethodOrEvents/FontCancel.htm
progressstep	/GUI/MethodOrEvents/ProgressStep.htm
makepng	/GUI/MethodOrEvents/MakePNG.htm
makegif	/GUI/MethodOrEvents/MakeGIF.htm
getvisiblerange	/GUI/MethodOrEvents/GetVisibleRange.htm
idntodate	/GUI/MethodOrEvents/IDNToDate.htm
datetoidn	/GUI/MethodOrEvents/DateToIDN.htm
seldatechange	/GUI/MethodOrEvents/SelDateChange.htm
getdaystates	/GUI/MethodOrEvents/GetDayStates.htm
datetimechange	/GUI/MethodOrEvents/DateTimeChange.htm
detach	/GUI/MethodOrEvents/Detach.htm
calendardown	/GUI/MethodOrEvents/CalendarDown.htm
calendarup	/GUI/MethodOrEvents/CalendarUp.htm
calendardblclick	/GUI/MethodOrEvents/CalendarDblClick.htm
calendarmove	/GUI/MethodOrEvents/CalendarMove.htm
getminsize	/GUI/MethodOrEvents/GetMinSize.htm
startsplit	/GUI/MethodOrEvents/StartSplit.htm
splitting	/GUI/MethodOrEvents/Splitting.htm
endsplit	/GUI/MethodOrEvents/EndSplit.htm
animopen	/GUI/MethodOrEvents/AnimOpen.htm
animclose	/GUI/MethodOrEvents/AnimClose.htm
animplay	/GUI/MethodOrEvents/AnimPlay.htm
animstop	/GUI/MethodOrEvents/AnimStop.htm
animstarted	/GUI/MethodOrEvents/AnimStarted.htm
animstopped	/GUI/MethodOrEvents/AnimStopped.htm
begineditlabel	/GUI/MethodOrEvents/BeginEditLabel.htm
endeditlabel	/GUI/MethodOrEvents/EndEditLabel.htm
expanding	/GUI/MethodOrEvents/Expanding.htm
expanded	/GUI/MethodOrEvents/Expanded.htm
retracting	/GUI/MethodOrEvents/Retracting.htm
retracted	/GUI/MethodOrEvents/Retracted.htm
getitemstate	/GUI/MethodOrEvents/GetItemState.htm
setitemstate	/GUI/MethodOrEvents/SetItemState.htm
additems	/GUI/MethodOrEvents/AddItems.htm
deleteitems	/GUI/MethodOrEvents/DeleteItems.htm
addchildren	/GUI/MethodOrEvents/AddChildren.htm
deletechildren	/GUI/MethodOrEvents/DeleteChildren.htm
getparentitem	/GUI/MethodOrEvents/GetParentItem.htm
getitemhandle	/GUI/MethodOrEvents/GetItemHandle.htm
setitemimage	/GUI/MethodOrEvents/SetItemImage.htm
showitem	/GUI/MethodOrEvents/ShowItem.htm
columnclick	/GUI/MethodOrEvents/ColumnClick.htm
columndblclick	/GUI/MethodOrEvents/ColumnDblClick.htm
setitemposition	/GUI/MethodOrEvents/SetItemPosition.htm
getitemposition	/GUI/MethodOrEvents/GetItemPosition.htm
update	/GUI/MethodOrEvents/Update.htm
gettiptext	/GUI/MethodOrEvents/GetTipText.htm
itemdown	/GUI/MethodOrEvents/ItemDown.htm
itemup	/GUI/MethodOrEvents/ItemUp.htm
itemdblclick	/GUI/MethodOrEvents/ItemDblClick.htm
pageapply	/GUI/MethodOrEvents/PageApply.htm
pagecancel	/GUI/MethodOrEvents/PageCancel.htm
pagehelp	/GUI/MethodOrEvents/PageHelp.htm
pageback	/GUI/MethodOrEvents/PageBack.htm
pagenext	/GUI/MethodOrEvents/PageNext.htm
pagefinish	/GUI/MethodOrEvents/PageFinish.htm
pagechanged	/GUI/MethodOrEvents/PageChanged.htm
applyenable	/GUI/MethodOrEvents/ApplyEnable.htm
pageactivate	/GUI/MethodOrEvents/PageActivate.htm
pagedeactivate	/GUI/MethodOrEvents/PageDeactivate.htm
setwizard	/GUI/MethodOrEvents/SetWizard.htm
setfinishtext	/GUI/MethodOrEvents/SetFinishText.htm
canceltoclose	/GUI/MethodOrEvents/CancelToClose.htm
tcperror	/GUI/MethodOrEvents/TCPError.htm
tcpaccept	/GUI/MethodOrEvents/TCPAccept.htm
tcpconnect	/GUI/MethodOrEvents/TCPConnect.htm
tcprecv	/GUI/MethodOrEvents/TCPRecv.htm
tcpclose	/GUI/MethodOrEvents/TCPClose.htm
tcpsend	/GUI/MethodOrEvents/TCPSend.htm
tcpgethostid	/GUI/MethodOrEvents/TCPGetHostID.htm
tcpgotaddr	/GUI/MethodOrEvents/TCPGotAddr.htm
tcpgotport	/GUI/MethodOrEvents/TCPGotPort.htm
tcpready	/GUI/MethodOrEvents/TCPReady.htm
tcpsendpicture	/GUI/MethodOrEvents/TCPSendPicture.htm
mmopen	/GUI/MethodOrEvents/MMOpen.htm
mmclose	/GUI/MethodOrEvents/MMClose.htm
mmplay	/GUI/MethodOrEvents/MMPlay.htm
mmstop	/GUI/MethodOrEvents/MMStop.htm
mmreverse	/GUI/MethodOrEvents/MMReverse.htm
getmmerror	/GUI/MethodOrEvents/GetMMError.htm
mmerror	/GUI/MethodOrEvents/MMError.htm
mmmediachanged	/GUI/MethodOrEvents/MMMediaChanged.htm
mmmodechanged	/GUI/MethodOrEvents/MMModeChanged.htm
mmposchanged	/GUI/MethodOrEvents/MMPosChanged.htm
help	/GUI/MethodOrEvents/Help.htm
mmsizechanged	/GUI/MethodOrEvents/MMSizeChanged.htm
mmopendialog	/GUI/MethodOrEvents/MMOpenDialog.htm
mmeject	/GUI/MethodOrEvents/MMEject.htm
sendstring	/GUI/MethodOrEvents/SendString.htm
receivestring	/GUI/MethodOrEvents/ReceiveString.htm
contextmenu	/GUI/MethodOrEvents/ContextMenu.htm
framecontextmenu	/GUI/MethodOrEvents/FrameContextMenu.htm
spin	/GUI/MethodOrEvents/Spin.htm
setspinnertext	/GUI/MethodOrEvents/SetSpinnerText.htm
colorchange	/GUI/MethodOrEvents/ColorChange.htm
thumbdrag	/GUI/MethodOrEvents/ThumbDrag.htm
vthumbdrag	/GUI/MethodOrEvents/VThumbDrag.htm
hthumbdrag	/GUI/MethodOrEvents/HThumbDrag.htm
dropfiles	/GUI/MethodOrEvents/DropFiles.htm
dropobjects	/GUI/MethodOrEvents/DropObjects.htm
rtfprintsetup	/GUI/MethodOrEvents/RTFPrintSetup.htm
rtfprint	/GUI/MethodOrEvents/RTFPrint.htm
protected	/GUI/MethodOrEvents/Protected.htm
dockstart	/GUI/MethodOrEvents/DockStart.htm
dockmove	/GUI/MethodOrEvents/DockMove.htm
dockrequest	/GUI/MethodOrEvents/DockRequest.htm
dockaccept	/GUI/MethodOrEvents/DockAccept.htm
dockend	/GUI/MethodOrEvents/DockEnd.htm
dockcancel	/GUI/MethodOrEvents/DockCancel.htm
gesture	/GUI/MethodOrEvents/Gesture.htm
gesturebegin	/GUI/MethodOrEvents/GestureBegin.htm
gestureend	/GUI/MethodOrEvents/GestureEnd.htm
gesturezoom	/GUI/MethodOrEvents/GestureZoom.htm
gesturepan	/GUI/MethodOrEvents/GesturePan.htm
gesturerotate	/GUI/MethodOrEvents/GestureRotate.htm
gesturetwofingertap	/GUI/MethodOrEvents/GestureTwoFingerTap.htm
gesturepressandtap	/GUI/MethodOrEvents/GesturePressAndTap.htm
vbxrefresh	/GUI/MethodOrEvents/VBXRefresh.htm
vbxmove	/GUI/MethodOrEvents/VBXMove.htm
vbxadditem	/GUI/MethodOrEvents/VBXAddItem.htm
vbxremove	/GUI/MethodOrEvents/VBXRemove.htm
getfocusobj	/GUI/MethodOrEvents/GetFocusObj.htm
getenvironment	/GUI/MethodOrEvents/GetEnvironment.htm
getfocus	/GUI/MethodOrEvents/GetFocus.htm
aplmon	/GUI/MethodOrEvents/Aplmon.htm
listtypelibs	/GUI/MethodOrEvents/ListTypeLibs.htm
deletetypelib	/GUI/MethodOrEvents/DeleteTypeLib.htm
workspaceloaded	/GUI/MethodOrEvents/WorkspaceLoaded.htm
sessionprint	/GUI/MethodOrEvents/SessionPrint.htm
oleregister	/GUI/MethodOrEvents/OLERegister.htm
oleunregister	/GUI/MethodOrEvents/OLEUnregister.htm
olemakeocx	/GUI/MethodOrEvents/OLEMakeOCX.htm
ambientchanged	/GUI/MethodOrEvents/AmbientChanged.htm
precreate	/GUI/MethodOrEvents/PreCreate.htm
oleaddeventsink	/GUI/MethodOrEvents/OLEAddEventSink.htm
oledeleteeventsink	/GUI/MethodOrEvents/OLEDeleteEventSink.htm
olelisteventsinks	/GUI/MethodOrEvents/OLEListEventSinks.htm
olequeryinterface	/GUI/MethodOrEvents/OLEQueryInterface.htm
setfninfo	/GUI/MethodOrEvents/SetFnInfo.htm
setvarinfo	/GUI/MethodOrEvents/SetVarInfo.htm
seteventinfo	/GUI/MethodOrEvents/SetEventInfo.htm
getallevents	/GUI/MethodOrEvents/GetAllEvents.htm
getpropertyinfo	/GUI/MethodOrEvents/GetPropertyInfo.htm
geteventinfo	/GUI/MethodOrEvents/GetEventInfo.htm
getmethodinfo	/GUI/MethodOrEvents/GetMethodInfo.htm
gettypeinfo	/GUI/MethodOrEvents/GetTypeInfo.htm
setpropertyinfo	/GUI/MethodOrEvents/SetPropertyInfo.htm
setmethodinfo	/GUI/MethodOrEvents/SetMethodInfo.htm
showproperties	/GUI/MethodOrEvents/ShowProperties.htm
showverbmenu	/GUI/MethodOrEvents/ShowVerbMenu.htm
showhelp	/GUI/MethodOrEvents/ShowHelp.htm
browse	/GUI/MethodOrEvents/Browse.htm
deletepropertyinfo	/GUI/MethodOrEvents/DeletePropertyInfo.htm
deleteeventinfo	/GUI/MethodOrEvents/DeleteEventInfo.htm
deletemethodinfo	/GUI/MethodOrEvents/DeleteMethodInfo.htm
bind	/GUI/MethodOrEvents/Bind.htm
baseconstructor	/GUI/MethodOrEvents/BaseConstructor.htm
as	/GUI/MethodOrEvents/As.htm
setfieldinfo	/GUI/MethodOrEvents/SetFieldInfo.htm
getfieldinfo	/GUI/MethodOrEvents/GetFieldInfo.htm
clear	/GUI/MethodOrEvents/Clear.htm
addtext	/GUI/MethodOrEvents/AddText.htm
addline	/GUI/MethodOrEvents/AddLine.htm
fix	/GUI/MethodOrEvents/Fix.htm
format	/GUI/MethodOrEvents/Format.htm
afterfix	/GUI/MethodOrEvents/AfterFix.htm
scriptcompilererror	/GUI/MethodOrEvents/ScriptCompilerError.htm
httprequest	/GUI/MethodOrEvents/HTTPRequest.htm
printtopdf	/GUI/MethodOrEvents/PrintToPDF.htm
setinputencoding	/GUI/MethodOrEvents/SetInputEncoding.htm
setoutputencoding	/GUI/MethodOrEvents/SetOutputEncoding.htm
showballoontip	/GUI/MethodOrEvents/ShowBalloonTip.htm
balloonshow	/GUI/MethodOrEvents/BalloonShow.htm
balloonhide	/GUI/MethodOrEvents/BalloonHide.htm
balloontimeout	/GUI/MethodOrEvents/BalloonTimeout.htm
balloonuserclick	/GUI/MethodOrEvents/BalloonUserClick.htm
getbuildid	/GUI/MethodOrEvents/GetBuildID.htm
type	/GUI/Properties/Type.htm
caption	/GUI/Properties/Caption.htm
splitobj1	/GUI/Properties/SplitObj1.htm
splitobj2	/GUI/Properties/SplitObj2.htm
posn	/GUI/Properties/Posn.htm
size	/GUI/Properties/Size.htm
html	/GUI/Properties/HTML.htm
values	/GUI/Properties/Values.htm
pname	/GUI/Properties/PName.htm
baseclass	/GUI/Properties/BaseClass.htm
classname	/GUI/Properties/ClassName.htm
constructorargs	/GUI/Properties/ConstructorArgs.htm
interfaces	/GUI/Properties/Interfaces.htm
interval	/GUI/Properties/Interval.htm
items	/GUI/Properties/Items.htm
items	/GUI/Properties/Items.htm
text	/GUI/Objects/Text.htm
posn	/GUI/Properties/Posn.htm
style	/GUI/Properties/Style.htm
size	/GUI/Properties/Size.htm
url	/GUI/Properties/URL.htm
style	/GUI/Properties/Style.htm
currentcolor	/GUI/Properties/CurrentColor.htm
defaultcolors	/GUI/Properties/DefaultColors.htm
customcolors	/GUI/Properties/CustomColors.htm
otherbutton	/GUI/Properties/OtherButton.htm
radius	/GUI/Properties/Radius.htm
fcol	/GUI/Properties/FCol.htm
bcol	/GUI/Properties/BCol.htm
start	/GUI/Properties/Start.htm
end	/GUI/Properties/End.htm
arcmode	/GUI/Properties/ArcMode.htm
lstyle	/GUI/Properties/LStyle.htm
lwidth	/GUI/Properties/LWidth.htm
fstyle	/GUI/Properties/FStyle.htm
fillcol	/GUI/Properties/FillCol.htm
devcaps	/GUI/Properties/DevCaps.htm
valign	/GUI/Properties/VAlign.htm
halign	/GUI/Properties/HAlign.htm
directory	/GUI/Properties/Directory.htm
browsefor	/GUI/Properties/BrowseFor.htm
target	/GUI/Properties/Target.htm
startin	/GUI/Properties/StartIn.htm
hasedit	/GUI/Properties/HasEdit.htm
filters	/GUI/Properties/Filters.htm
file	/GUI/Properties/File.htm
bits	/GUI/Properties/Bits.htm
cmap	/GUI/Properties/CMap.htm
mask	/GUI/Properties/Mask.htm
hotspot	/GUI/Properties/HotSpot.htm
filemode	/GUI/Properties/FileMode.htm
style	/GUI/Properties/Style.htm
btns	/GUI/Properties/Btns.htm
keepbits	/GUI/Properties/KeepBits.htm
size	/GUI/Properties/Size.htm
coord	/GUI/Properties/Coord.htm
realsize	/GUI/Properties/RealSize.htm
rows	/GUI/Properties/Rows.htm
state	/GUI/Properties/State.htm
default	/GUI/Properties/Default.htm
cancel	/GUI/Properties/Cancel.htm
border	/GUI/Properties/Border.htm
justify	/GUI/Properties/Justify.htm
active	/GUI/Properties/Active.htm
visible	/GUI/Properties/Visible.htm
localaddr	/GUI/Properties/LocalAddr.htm
localport	/GUI/Properties/LocalPort.htm
remoteaddr	/GUI/Properties/RemoteAddr.htm
remoteport	/GUI/Properties/RemotePort.htm
style	/GUI/Properties/Style.htm
event	/GUI/Properties/Event.htm
localaddrname	/GUI/Properties/LocalAddrName.htm
localportname	/GUI/Properties/LocalPortName.htm
remoteaddrname	/GUI/Properties/RemoteAddrName.htm
remoteportname	/GUI/Properties/RemotePortName.htm
dragitems	/GUI/Properties/DragItems.htm
view	/GUI/Properties/View.htm
autoarrange	/GUI/Properties/AutoArrange.htm
header	/GUI/Properties/Header.htm
wrap	/GUI/Properties/Wrap.htm
depth	/GUI/Properties/Depth.htm
indents	/GUI/Properties/Indents.htm
haslines	/GUI/Properties/HasLines.htm
hasbuttons	/GUI/Properties/HasButtons.htm
editlabels	/GUI/Properties/EditLabels.htm
imagelist	/GUI/Objects/ImageList.htm
imagelistobj	/GUI/Properties/ImageListObj.htm
reportinfo	/GUI/Properties/ReportInfo.htm
coltitles	/GUI/Properties/ColTitles.htm
imageindex	/GUI/Properties/ImageIndex.htm
selimageindex	/GUI/Properties/SelImageIndex.htm
reportimageindex	/GUI/Properties/ReportImageIndex.htm
reportbcol	/GUI/Properties/ReportBCol.htm
headerimagelist	/GUI/Properties/HeaderImageList.htm
headerimageindex	/GUI/Properties/HeaderImageIndex.htm
hasapply	/GUI/Properties/HasApply.htm
hashelp	/GUI/Properties/HasHelp.htm
pageactive	/GUI/Properties/PageActive.htm
pageactiveobject	/GUI/Properties/PageActiveObject.htm
casesensitive	/GUI/Properties/CaseSensitive.htm
editimage	/GUI/Properties/EditImage.htm
editimageindent	/GUI/Properties/EditImageIndent.htm
pathwordbreak	/GUI/Properties/PathWordBreak.htm
firstday	/GUI/Properties/FirstDay.htm
maxselcount	/GUI/Properties/MaxSelCount.htm
seldate	/GUI/Properties/SelDate.htm
datetime	/GUI/Properties/DateTime.htm
mindate	/GUI/Properties/MinDate.htm
maxdate	/GUI/Properties/MaxDate.htm
calendarcols	/GUI/Properties/CalendarCols.htm
today	/GUI/Properties/Today.htm
hastoday	/GUI/Properties/HasToday.htm
circletoday	/GUI/Properties/CircleToday.htm
weeknumbers	/GUI/Properties/WeekNumbers.htm
monthdelta	/GUI/Properties/MonthDelta.htm
hascheckbox	/GUI/Properties/HasCheckBox.htm
fieldtype	/GUI/Properties/FieldType.htm
customformat	/GUI/Properties/CustomFormat.htm
thumb	/GUI/Properties/Thumb.htm
range	/GUI/Properties/Range.htm
step	/GUI/Properties/Step.htm
vscroll	/GUI/Properties/VScroll.htm
hscroll	/GUI/Properties/HScroll.htm
wrap	/GUI/Properties/Wrap.htm
limits	/GUI/Properties/Limits.htm
selitems	/GUI/Properties/SelItems.htm
seltext	/GUI/Properties/SelText.htm
selrange	/GUI/Properties/SelRange.htm
sizeable	/GUI/Properties/Sizeable.htm
moveable	/GUI/Properties/Moveable.htm
sysmenu	/GUI/Properties/SysMenu.htm
maxbutton	/GUI/Properties/MaxButton.htm
minbutton	/GUI/Properties/MinButton.htm
helpbutton	/GUI/Properties/HelpButton.htm
okbutton	/GUI/Properties/OKButton.htm
sipmode	/GUI/Properties/SIPMode.htm
sipresize	/GUI/Properties/SIPResize.htm
checked	/GUI/Properties/Checked.htm
dragable	/GUI/Properties/Dragable.htm
font	/GUI/Objects/Font.htm
fontobj	/GUI/Properties/FontObj.htm
fontlist	/GUI/Properties/FontList.htm
printlist	/GUI/Properties/PrintList.htm
italic	/GUI/Properties/Italic.htm
underline	/GUI/Properties/Underline.htm
weight	/GUI/Properties/Weight.htm
rotate	/GUI/Properties/Rotate.htm
charset	/GUI/Properties/CharSet.htm
coord	/GUI/Properties/Coord.htm
fcol	/GUI/Properties/FCol.htm
bcol	/GUI/Properties/BCol.htm
bitmap	/GUI/Objects/Bitmap.htm
picture	/GUI/Properties/Picture.htm
ontop	/GUI/Properties/OnTop.htm
btnpix	/GUI/Properties/BtnPix.htm
icon	/GUI/Objects/Icon.htm
iconobj	/GUI/Properties/IconObj.htm
cursor	/GUI/Objects/Cursor.htm
cursorobj	/GUI/Properties/CursorObj.htm
autoconf	/GUI/Properties/AutoConf.htm
index	/GUI/Properties/Index.htm
yrange	/GUI/Properties/YRange.htm
xrange	/GUI/Properties/XRange.htm
data	/GUI/Properties/Data.htm
attach	/GUI/Properties/Attach.htm
formats	/GUI/Properties/Formats.htm
text	/GUI/Objects/Text.htm
bits	/GUI/Properties/Bits.htm
cmap	/GUI/Properties/CMap.htm
bitmap	/GUI/Objects/Bitmap.htm
cbits	/GUI/Properties/CBits.htm
metafile	/GUI/Objects/Metafile.htm
metafileobj	/GUI/Properties/MetafileObj.htm
picture	/GUI/Properties/Picture.htm
array	/GUI/Properties/Array.htm
textsize	/GUI/Properties/TextSize.htm
yield	/GUI/Properties/Yield.htm
edgestyle	/GUI/Properties/EdgeStyle.htm
mdimenu	/GUI/Properties/MDIMenu.htm
handle	/GUI/Properties/Handle.htm
orientation	/GUI/Properties/Orientation.htm
copies	/GUI/Properties/Copies.htm
printrange	/GUI/Properties/PrintRange.htm
collate	/GUI/Properties/Collate.htm
papersize	/GUI/Properties/PaperSize.htm
papersizes	/GUI/Properties/PaperSizes.htm
papersource	/GUI/Properties/PaperSource.htm
papersources	/GUI/Properties/PaperSources.htm
colormode	/GUI/Properties/ColorMode.htm
resolution	/GUI/Properties/Resolution.htm
resolutions	/GUI/Properties/Resolutions.htm
duplex	/GUI/Properties/Duplex.htm
mdiactive	/GUI/Properties/MDIActive.htm
mdiactiveobject	/GUI/Properties/MDIActiveObject.htm
hint	/GUI/Properties/Hint.htm
hintobj	/GUI/Properties/HintObj.htm
tip	/GUI/Properties/Tip.htm
tipobj	/GUI/Properties/TipObj.htm
tabobj	/GUI/Properties/TabObj.htm
fieldtype	/GUI/Properties/FieldType.htm
maxlength	/GUI/Properties/MaxLength.htm
decimals	/GUI/Properties/Decimals.htm
password	/GUI/Properties/Password.htm
validifempty	/GUI/Properties/ValidIfEmpty.htm
readonly	/GUI/Properties/ReadOnly.htm
formatstring	/GUI/Properties/FormatString.htm
changed	/GUI/Properties/Changed.htm
rtftext	/GUI/Properties/RTFText.htm
rowtitles	/GUI/Properties/RowTitles.htm
coltitles	/GUI/Properties/ColTitles.htm
curcell	/GUI/Properties/CurCell.htm
titlewidth	/GUI/Properties/TitleWidth.htm
cellheights	/GUI/Properties/CellHeights.htm
cellwidths	/GUI/Properties/CellWidths.htm
titleheight	/GUI/Properties/TitleHeight.htm
cellfonts	/GUI/Properties/CellFonts.htm
input	/GUI/Properties/Input.htm
value	/GUI/Properties/Value.htm
celltypes	/GUI/Properties/CellTypes.htm
autoexpand	/GUI/Properties/AutoExpand.htm
cellselect	/GUI/Properties/CellSelect.htm
resizerows	/GUI/Properties/ResizeRows.htm
resizecols	/GUI/Properties/ResizeCols.htm
resizerowtitles	/GUI/Properties/ResizeRowTitles.htm
resizecoltitles	/GUI/Properties/ResizeColTitles.htm
clipcells	/GUI/Properties/ClipCells.htm
inputmodekey	/GUI/Properties/InputModeKey.htm
inputmode	/GUI/Properties/InputMode.htm
gridfcol	/GUI/Properties/GridFCol.htm
gridbcol	/GUI/Properties/GridBCol.htm
showinput	/GUI/Properties/ShowInput.htm
cellset	/GUI/Properties/CellSet.htm
rowtitlefcol	/GUI/Properties/RowTitleFCol.htm
coltitlefcol	/GUI/Properties/ColTitleFCol.htm
rowtitledepth	/GUI/Properties/RowTitleDepth.htm
coltitledepth	/GUI/Properties/ColTitleDepth.htm
rowtitlealign	/GUI/Properties/RowTitleAlign.htm
coltitlealign	/GUI/Properties/ColTitleAlign.htm
overflowchar	/GUI/Properties/OverflowChar.htm
alignchar	/GUI/Properties/AlignChar.htm
gridlinefcol	/GUI/Properties/GridLineFCol.htm
gridlinewidth	/GUI/Properties/GridLineWidth.htm
rowlinetypes	/GUI/Properties/RowLineTypes.htm
collinetypes	/GUI/Properties/ColLineTypes.htm
enterreadonlycells	/GUI/Properties/EnterReadOnlyCells.htm
coltitle3d	/GUI/Properties/ColTitle3D.htm
rowtitlebcol	/GUI/Properties/RowTitleBCol.htm
coltitlebcol	/GUI/Properties/ColTitleBCol.htm
rowtreedepth	/GUI/Properties/RowTreeDepth.htm
rowtreestyle	/GUI/Properties/RowTreeStyle.htm
rowtreeimages	/GUI/Properties/RowTreeImages.htm
colsortimages	/GUI/Properties/ColSortImages.htm
selectioncolor	/GUI/Properties/SelectionColor.htm
selectioncoloralpha	/GUI/Properties/SelectionColorAlpha.htm
selectionborderwidth	/GUI/Properties/SelectionBorderWidth.htm
highlightheaders	/GUI/Properties/HighlightHeaders.htm
translate	/GUI/Properties/Translate.htm
size	/GUI/Properties/Size.htm
accelerator	/GUI/Properties/Accelerator.htm
curobj	/GUI/Properties/CurObj.htm
curpos	/GUI/Properties/CurPos.htm
curspace	/GUI/Properties/CurSpace.htm
log	/GUI/Properties/Log.htm
input	/GUI/Properties/Input.htm
popup	/GUI/Properties/Popup.htm
aplversion	/GUI/Properties/APLVersion.htm
evaluationdays	/GUI/Properties/EvaluationDays.htm
lwidth	/GUI/Properties/LWidth.htm
tickalign	/GUI/Properties/TickAlign.htm
tickspacing	/GUI/Properties/TickSpacing.htm
hasticks	/GUI/Properties/HasTicks.htm
showthumb	/GUI/Properties/ShowThumb.htm
trackrect	/GUI/Properties/TrackRect.htm
thumbrect	/GUI/Properties/ThumbRect.htm
charformat	/GUI/Properties/CharFormat.htm
wordformat	/GUI/Properties/WordFormat.htm
paraformat	/GUI/Properties/ParaFormat.htm
pagewidth	/GUI/Properties/PageWidth.htm
imagecount	/GUI/Properties/ImageCount.htm
masked	/GUI/Properties/Masked.htm
mapcols	/GUI/Properties/MapCols.htm
bits	/GUI/Properties/Bits.htm
cmap	/GUI/Properties/CMap.htm
mask	/GUI/Properties/Mask.htm
acceptfiles	/GUI/Properties/AcceptFiles.htm
wantsreturn	/GUI/Properties/WantsReturn.htm
multicolumn	/GUI/Properties/MultiColumn.htm
columnwidth	/GUI/Properties/ColumnWidth.htm
sockettype	/GUI/Properties/SocketType.htm
socketnumber	/GUI/Properties/SocketNumber.htm
currentstate	/GUI/Properties/CurrentState.htm
targetstate	/GUI/Properties/TargetState.htm
exportedfns	/GUI/Properties/ExportedFns.htm
exportedvars	/GUI/Properties/ExportedVars.htm
classid	/GUI/Properties/ClassID.htm
container	/GUI/Properties/Container.htm
keeponclose	/GUI/Properties/KeepOnClose.htm
olecontrols	/GUI/Properties/OLEControls.htm
oleservers	/GUI/Properties/OLEServers.htm
typelist	/GUI/Properties/TypeList.htm
helpfile	/GUI/Properties/HelpFile.htm
toolboxbitmap	/GUI/Properties/ToolboxBitmap.htm
licensekey	/GUI/Properties/LicenseKey.htm
classid	/GUI/Properties/ClassID.htm
typelibid	/GUI/Properties/TypeLibID.htm
typelibfile	/GUI/Properties/TypeLibFile.htm
serverversion	/GUI/Properties/ServerVersion.htm
lasterror	/GUI/Properties/LastError.htm
runmode	/GUI/Properties/RunMode.htm
showsession	/GUI/Properties/ShowSession.htm
locale	/GUI/Properties/Locale.htm
drawmode	/GUI/Properties/DrawMode.htm
radiusmode	/GUI/Properties/RadiusMode.htm
autobrowse	/GUI/Properties/AutoBrowse.htm
queueevents	/GUI/Properties/QueueEvents.htm
cbits	/GUI/Properties/CBits.htm
multiline	/GUI/Properties/MultiLine.htm
tabsize	/GUI/Properties/TabSize.htm
justify	/GUI/Properties/Justify.htm
tabjustify	/GUI/Properties/TabJustify.htm
multiselect	/GUI/Properties/MultiSelect.htm
tabfocus	/GUI/Properties/TabFocus.htm
hottrack	/GUI/Properties/HotTrack.htm
scrollopposite	/GUI/Properties/ScrollOpposite.htm
flatseparators	/GUI/Properties/FlatSeparators.htm
transparent	/GUI/Properties/Transparent.htm
bandborders	/GUI/Properties/BandBorders.htm
childedge	/GUI/Properties/ChildEdge.htm
dblclicktoggle	/GUI/Properties/DblClickToggle.htm
fixedorder	/GUI/Properties/FixedOrder.htm
variableheight	/GUI/Properties/VariableHeight.htm
divider	/GUI/Properties/Divider.htm
newline	/GUI/Properties/NewLine.htm
grippermode	/GUI/Properties/GripperMode.htm
showcaptions	/GUI/Properties/ShowCaptions.htm
showdropdown	/GUI/Properties/ShowDropDown.htm
checkboxes	/GUI/Properties/CheckBoxes.htm
fullrowselect	/GUI/Properties/FullRowSelect.htm
gridlines	/GUI/Properties/GridLines.htm
progressstyle	/GUI/Properties/ProgressStyle.htm
singleclickexpand	/GUI/Properties/SingleClickExpand.htm
dockable	/GUI/Properties/Dockable.htm
docked	/GUI/Properties/Docked.htm
dockshowcaption	/GUI/Properties/DockShowCaption.htm
dockchildren	/GUI/Properties/DockChildren.htm
undockstoroot	/GUI/Properties/UndocksToRoot.htm
imagelistobj	/GUI/Properties/ImageListObj.htm
imageindex	/GUI/Properties/ImageIndex.htm
maskcol	/GUI/Properties/MaskCol.htm
alphablend	/GUI/Properties/AlphaBlend.htm
redraw	/GUI/Properties/Redraw.htm
hotkey	/GUI/Properties/HotKey.htm
rules	/GUI/Properties/Rules.htm
defaultmodifier	/GUI/Properties/DefaultModifier.htm
autoplay	/GUI/Properties/AutoPlay.htm
transparent	/GUI/Properties/Transparent.htm
timeunits	/GUI/Properties/TimeUnits.htm
length	/GUI/Properties/Length.htm
repeat	/GUI/Properties/Repeat.htm
startpos	/GUI/Properties/StartPos.htm
mmcurpos	/GUI/Properties/MMCurPos.htm
mmcurposstring	/GUI/Properties/MMCurPosString.htm
autosizewindow	/GUI/Properties/AutoSizeWindow.htm
autosizemovie	/GUI/Properties/AutoSizeMovie.htm
mcierrordlg	/GUI/Properties/MCIErrorDLG.htm
havemenu	/GUI/Properties/HaveMenu.htm
haveopen	/GUI/Properties/HaveOpen.htm
playbar	/GUI/Properties/PlayBar.htm
showmode	/GUI/Properties/ShowMode.htm
showname	/GUI/Properties/ShowName.htm
showpos	/GUI/Properties/ShowPos.htm
mmcurmode	/GUI/Properties/MMCurMode.htm
zoom	/GUI/Properties/Zoom.htm
volume	/GUI/Properties/Volume.htm
canconfig	/GUI/Properties/CanConfig.htm
caneject	/GUI/Properties/CanEject.htm
canplay	/GUI/Properties/CanPlay.htm
timers	/GUI/Properties/Timers.htm
instancemode	/GUI/Properties/InstanceMode.htm
sortitems	/GUI/Properties/SortItems.htm
base	/GUI/Properties/Base.htm
inputproperties	/GUI/Properties/InputProperties.htm
tabindex	/GUI/Properties/TabIndex.htm
interval	/GUI/Properties/Interval.htm
alwaysshowselection	/GUI/Properties/AlwaysShowSelection.htm
alwaysshowborder	/GUI/Properties/AlwaysShowBorder.htm
itemgroups	/GUI/Properties/ItemGroups.htm
itemgroupmetrics	/GUI/Properties/ItemGroupMetrics.htm
encoding	/GUI/Properties/Encoding.htm
pagesize	/GUI/Properties/PageSize.htm
rowhiddendepth	/GUI/Properties/RowHiddenDepth.htm
elevated	/GUI/Properties/Elevated.htm
note	/GUI/Properties/Note.htm
cue	/GUI/Properties/Cue.htm
showcuewhenfocused	/GUI/Properties/ShowCueWhenFocused.htm
buttonsacceptfocus	/GUI/Properties/ButtonsAcceptFocus.htm
latebind	/GUI/Properties/LateBind.htm
hasclearbutton	/GUI/Properties/HasClearButton.htm
aschild	/GUI/Properties/AsChild.htm
methodlist	/GUI/Properties/MethodList.htm
childlist	/GUI/Properties/ChildList.htm
eventlist	/GUI/Properties/EventList.htm
proplist	/GUI/Properties/PropList.htm
root	/GUI/Objects/Root.htm
form	/GUI/Objects/Form.htm
button	/GUI/Objects/Button.htm
static	/GUI/Objects/Static.htm
edit	/GUI/Objects/Edit.htm
label	/GUI/Objects/Label.htm
menubar	/GUI/Objects/MenuBar.htm
menu	/GUI/Objects/Menu.htm
menuitem	/GUI/Objects/MenuItem.htm
separator	/GUI/Objects/Separator.htm
list	/GUI/Objects/List.htm
group	/GUI/Objects/Group.htm
scroll	/GUI/Objects/Scroll.htm
combo	/GUI/Objects/Combo.htm
sm	/GUI/Objects/SM.htm
msgbox	/GUI/Objects/MsgBox.htm
font	/GUI/Objects/Font.htm
filebox	/GUI/Objects/FileBox.htm
poly	/GUI/Objects/Poly.htm
ellipse	/GUI/Objects/Ellipse.htm
circle	/GUI/Objects/Circle.htm
text	/GUI/Objects/Text.htm
rect	/GUI/Objects/Rect.htm
marker	/GUI/Objects/Marker.htm
printer	/GUI/Objects/Printer.htm
bitmap	/GUI/Objects/Bitmap.htm
icon	/GUI/Objects/Icon.htm
cursor	/GUI/Objects/Cursor.htm
image	/GUI/Objects/Image.htm
clipboard	/GUI/Objects/Clipboard.htm
locator	/GUI/Objects/Locator.htm
timer	/GUI/Objects/Timer.htm
metafile	/GUI/Objects/Metafile.htm
clip	/GUI/Objects/Clip.htm
class	/GUI/Objects/Class.htm
mdiclient	/GUI/Objects/MDIClient.htm
toolbar	/GUI/Objects/ToolBar.htm
statusbar	/GUI/Objects/StatusBar.htm
statusfield	/GUI/Objects/StatusField.htm
tipfield	/GUI/Objects/TipField.htm
tabbtn	/GUI/Objects/TabBtn.htm
tabbar	/GUI/Objects/TabBar.htm
session	/GUI/Objects/Session.htm
grid	/GUI/Objects/Grid.htm
subform	/GUI/Objects/SubForm.htm
namespace	/GUI/Objects/NameSpace.htm
trackbar	/GUI/Objects/TrackBar.htm
richedit	/GUI/Objects/RichEdit.htm
draglist	/GUI/Objects/DragList.htm
progressbar	/GUI/Objects/ProgressBar.htm
treeview	/GUI/Objects/TreeView.htm
listview	/GUI/Objects/ListView.htm
updown	/GUI/Objects/UpDown.htm
mmcontrol	/GUI/Objects/MMControl.htm
imagelist	/GUI/Objects/ImageList.htm
propertysheet	/GUI/Objects/PropertySheet.htm
propertypage	/GUI/Objects/PropertyPage.htm
spinner	/GUI/Objects/Spinner.htm
ocxclass	/GUI/Objects/OCXClass.htm
ocxcontrol	/GUI/Objects/OCXControl.htm
vbxcontrol	/GUI/Objects/VBXControl.htm
oleserver	/GUI/Objects/OLEServer.htm
oleclient	/GUI/Objects/OLEClient.htm
interface	/GUI/Objects/Interface.htm
tcpsocket	/GUI/Objects/TCPSocket.htm
splitter	/GUI/Objects/Splitter.htm
coolbar	/GUI/Objects/CoolBar.htm
toolcontrol	/GUI/Objects/ToolControl.htm
toolbutton	/GUI/Objects/ToolButton.htm
systrayitem	/GUI/Objects/SysTrayItem.htm
tabcontrol	/GUI/Objects/TabControl.htm
tabbutton	/GUI/Objects/TabButton.htm
colorpicker	/GUI/Objects/ColorPicker.htm
colorbutton	/GUI/Objects/ColorButton.htm
activexcontainer	/GUI/Objects/ActiveXContainer.htm
activexcontrol	/GUI/Objects/ActiveXControl.htm
coolband	/GUI/Objects/CoolBand.htm
calendar	/GUI/Objects/Calendar.htm
datetimepicker	/GUI/Objects/DateTimePicker.htm
comboex	/GUI/Objects/ComboEx.htm
browsebox	/GUI/Objects/BrowseBox.htm
hotkeycontrol	/GUI/Objects/HotKeyControl.htm
animation	/GUI/Objects/Animation.htm
netclient	/GUI/Objects/NetClient.htm
nettype	/GUI/Objects/NetType.htm
sessionstatus	/GUI/Objects/SessionStatus.htm
sessioneditor	/GUI/Objects/SessionEditor.htm
sessionscriptcompiler	/GUI/Objects/SessionScriptCompiler.htm
netcontrol	/GUI/Objects/NetControl.htm
buttonedit	/GUI/Objects/ButtonEdit.htm
htmlrenderer	/GUI/Objects/HTMLRenderer.htm
∘.	/Language/Primitive Operators/Outer Product.htm
⎕á	/Language/System Functions/Underscored Alphabetic Characters.htm
'	/Language/Symbols/Special Symbols.htm
⎕r	/Language/System Functions/r.htm
⎕s	/Language/System Functions/s.htm
⎕opt	/Language/System Functions/opt.htm
⎕arbin	/Language/System Functions/arbin.htm
⎕arbout	/Language/System Functions/arbout.htm
⎕at	/Language/System Functions/at.htm
⎕class	/Language/System Functions/class.htm
⎕cmd	/Language/System Functions/cmd.htm
⎕cr	/Language/System Functions/cr.htm
⎕cs	/Language/System Functions/cs.htm
⎕csv	/Language/System Functions/csv.htm
⎕cy	/Language/System Functions/cy.htm
⎕df	/Language/System Functions/df.htm
⎕dl	/Language/System Functions/dl.htm
⎕dq	/Language/System Functions/dq.htm
⎕dr	/Language/System Functions/dr.htm
⎕ed	/Language/System Functions/ed.htm
⎕em	/Language/System Functions/em.htm
⎕ex	/Language/System Functions/ex.htm
⎕export	/Language/System Functions/export.htm
⎕fappend	/Language/System Functions/fappend.htm
⎕fchk	/Language/System Functions/fchk.htm
⎕fcopy	/Language/System Functions/fcopy.htm
⎕fcreate	/Language/System Functions/fcreate.htm
⎕fdrop	/Language/System Functions/fdrop.htm
⎕ferase	/Language/System Functions/ferase.htm
⎕fhold	/Language/System Functions/fhold.htm
⎕fix	/Language/System Functions/fix.htm
⎕flib	/Language/System Functions/flib.htm
⎕fmt	/Language/System Functions/fmt.htm
⎕fprops	/Language/System Functions/fprops.htm
⎕frdac	/Language/System Functions/frdac.htm
⎕frdci	/Language/System Functions/frdci.htm
⎕fread	/Language/System Functions/fread.htm
⎕frename	/Language/System Functions/frename.htm
⎕freplace	/Language/System Functions/freplace.htm
⎕fresize	/Language/System Functions/fresize.htm
⎕fsize	/Language/System Functions/fsize.htm
⎕fstac	/Language/System Functions/fstac.htm
⎕fstie	/Language/System Functions/fstie.htm
⎕ftie	/Language/System Functions/ftie.htm
⎕funtie	/Language/System Functions/funtie.htm
⎕fx	/Language/System Functions/fx.htm
⎕instances	/Language/System Functions/instances.htm
⎕json	/Language/System Functions/json.htm
⎕kl	/Language/System Functions/kl.htm
⎕load	/Language/System Functions/load.htm
⎕lock	/Language/System Functions/lock.htm
⎕mkdir	/Language/System Functions/mkdir.htm
⎕monitor	/Language/System Functions/monitor.htm
⎕na	/Language/System Functions/na.htm
⎕nappend	/Language/System Functions/nappend.htm
⎕nc	/Language/System Functions/nc.htm
⎕ncopy	/Language/System Functions/ncopy.htm
⎕ncreate	/Language/System Functions/ncreate.htm
⎕ndelete	/Language/System Functions/ndelete.htm
⎕nerase	/Language/System Functions/nerase.htm
⎕nexists	/Language/System Functions/nexists.htm
⎕nget	/Language/System Functions/nget.htm
⎕ninfo	/Language/System Functions/ninfo.htm
⎕nl	/Language/System Functions/nl.htm
⎕nlock	/Language/System Functions/nlock.htm
⎕nmove	/Language/System Functions/nmove.htm
⎕nparts	/Language/System Functions/nparts.htm
⎕nput	/Language/System Functions/nput.htm
⎕nq	/Language/System Functions/nq.htm
⎕nr	/Language/System Functions/nr.htm
⎕nread	/Language/System Functions/nread.htm
⎕nrename	/Language/System Functions/nrename.htm
⎕nreplace	/Language/System Functions/nreplace.htm
⎕nresize	/Language/System Functions/nresize.htm
⎕ns	/Language/System Functions/ns.htm
⎕nsize	/Language/System Functions/nsize.htm
⎕ntie	/Language/System Functions/ntie.htm
⎕nuntie	/Language/System Functions/nuntie.htm
⎕nxlate	/Language/System Functions/nxlate.htm
⎕map	/Language/System Functions/map.htm
⎕new	/Language/System Functions/new.htm
⎕or	/Language/System Functions/or.htm
⎕pfkey	/Language/System Functions/pfkey.htm
⎕profile	/Language/System Functions/profile.htm
⎕fhist	/Language/System Functions/fhist.htm
⎕refs	/Language/System Functions/refs.htm
⎕save	/Language/System Functions/save.htm
⎕sh	/Language/System Functions/sh.htm
⎕shadow	/Language/System Functions/shadow.htm
⎕signal	/Language/System Functions/signal.htm
⎕size	/Language/System Functions/size.htm
⎕sr	/Language/System Functions/sr.htm
⎕src	/Language/System Functions/src.htm
⎕state	/Language/System Functions/state.htm
⎕stop	/Language/System Functions/stop.htm
⎕svc	/Language/System Functions/svc.htm
⎕svo	/Language/System Functions/svo.htm
⎕svq	/Language/System Functions/svq.htm
⎕svr	/Language/System Functions/svr.htm
⎕svs	/Language/System Functions/svs.htm
⎕tkill	/Language/System Functions/tkill.htm
⎕tcnums	/Language/System Functions/tcnums.htm
⎕tsync	/Language/System Functions/tsync.htm
⎕trace	/Language/System Functions/trace.htm
⎕tget	/Language/System Functions/tget.htm
⎕tput	/Language/System Functions/tput.htm
⎕treq	/Language/System Functions/treq.htm
⎕ucs	/Language/System Functions/ucs.htm
⎕vfi	/Language/System Functions/vfi.htm
⎕vr	/Language/System Functions/vr.htm
⎕wc	/Language/System Functions/wc.htm
⎕wg	/Language/System Functions/wg.htm
⎕wn	/Language/System Functions/wn.htm
⎕ws	/Language/System Functions/ws.htm
⎕xml	/Language/System Functions/xml.htm
⎕xt	/Language/System Functions/xt.htm
⎕pw	/Language/System Functions/pw.htm
⎕se	/Language/System Functions/se.htm
⎕path	/Language/System Functions/path.htm
⎕lx	/Language/System Functions/lx.htm
⎕sm	/Language/System Functions/sm.htm
⎕trap	/Language/System Functions/trap.htm
⎕wsid	/Language/System Functions/wsid.htm
⎕tname	/Language/System Functions/tname.htm
⎕dmx	/Language/System Functions/dmx.htm
⎕ct	/Language/System Functions/ct.htm
⎕div	/Language/System Functions/div.htm
⎕io	/Language/System Functions/io.htm
⎕ml	/Language/System Functions/ml.htm
⎕pp	/Language/System Functions/pp.htm
⎕rl	/Language/System Functions/rl.htm
⎕rtl	/Language/System Functions/rtl.htm
⎕wx	/Language/System Functions/wx.htm
⎕using	/Language/System Functions/using.htm
⎕avu	/Language/System Functions/avu.htm
⎕dct	/Language/System Functions/dct.htm
⎕a	/Language/System Functions/a.htm
⎕ai	/Language/System Functions/ai.htm
⎕an	/Language/System Functions/an.htm
⎕av	/Language/System Functions/av.htm
⎕clear	/Language/System Functions/clear.htm
⎕d	/Language/System Functions/d.htm
⎕dm	/Language/System Functions/dm.htm
⎕en	/Language/System Functions/en.htm
⎕exception	/Language/System Functions/exception.htm
⎕favail	/Language/System Functions/favail.htm
⎕fnames	/Language/System Functions/fnames.htm
⎕fnums	/Language/System Functions/fnums.htm
⎕lc	/Language/System Functions/lc.htm
⎕nnames	/Language/System Functions/nnames.htm
⎕nnums	/Language/System Functions/nnums.htm
⎕nsi	/Language/System Functions/nsi.htm
⎕null	/Language/System Functions/null.htm
⎕off	/Language/System Functions/off.htm
⎕rsi	/Language/System Functions/rsi.htm
⎕sd	/Language/System Functions/sd.htm
⎕si	/Language/System Functions/si.htm
⎕stack	/Language/System Functions/stack.htm
⎕tc	/Language/System Functions/tc.htm
⎕tid	/Language/System Functions/tid.htm
⎕tnums	/Language/System Functions/tnums.htm
⎕tpool	/Language/System Functions/tpool.htm
⎕ts	/Language/System Functions/ts.htm
⎕wa	/Language/System Functions/wa.htm
⎕xsi	/Language/System Functions/xsi.htm
⎕á	/Language/System Functions/Underscored Alphabetic Characters.htm
⎕this	/Language/System Functions/this.htm
⎕base	/Language/System Functions/base.htm
:if	/Language/Control Structures/if.htm
:andif	/Language/Control Structures/if.htm
:orif	/Language/Control Structures/if.htm
:elseif	/Language/Control Structures/control structures summary.htm
:else	/Language/Control Structures/control structures summary.htm
:endif	/Language/Control Structures/if.htm
:while	/Language/Control Structures/while.htm
:endwhile	/Language/Control Structures/while.htm
:repeat	/Language/Control Structures/repeat.htm
:until	/Language/Control Structures/repeat.htm
:endrepeat	/Language/Control Structures/repeat.htm
:for	/Language/Control Structures/for.htm
:in	/Language/Control Structures/for.htm
:ineach	/Language/Control Structures/for.htm
:endfor	/Language/Control Structures/for.htm
:select	/Language/Control Structures/select.htm
:case	/Language/Control Structures/select.htm
:caselist	/Language/Control Structures/select.htm
:endselect	/Language/Control Structures/select.htm
:hold	/Language/Control Structures/hold.htm
:endhold	/Language/Control Structures/hold.htm
:with	/Language/Control Structures/with.htm
:endwith	/Language/Control Structures/with.htm
:disposable	/Language/Control Structures/disposable.htm
:enddisposable	/Language/Control Structures/disposable.htm
:end	/Language/Control Structures/control structures summary.htm
:orif	/Language/Control Structures/if.htm
:andif	/Language/Control Structures/if.htm
:goto	/Language/Control Structures/goto.htm
:continue	/Language/Control Structures/continue.htm
:leave	/Language/Control Structures/leave.htm
:return	/Language/Control Structures/return.htm
:trap	/Language/Control Structures/trap.htm
:endtrap	/Language/Control Structures/trap.htm
:access	/Language/Control Structures/access.htm
:implements	/Language/Control Structures/implements.htm
:require	/Language/Control Structures/../Object Oriented Programming/including script files.htm
:signature	/Language/Control Structures/signature.htm
:attribute	/Language/Control Structures/attribute.htm
:field	/Language/Control Structures/../Object Oriented Programming/field statement.htm
:class	/Language/Control Structures/class.htm
:endclass	/Language/Control Structures/class.htm
:section	/Language/Control Structures/section.htm
:endsection	/Language/Control Structures/section.htm
:interface	/Language/Control Structures/interface.htm
:endinterface	/Language/Control Structures/interface.htm
:namespace	/Language/Control Structures/namespace.htm
:endnamespace	/Language/Control Structures/namespace.htm
:property	/Language/Control Structures/../Object Oriented Programming/Property Section/property section.htm
:endproperty	/Language/Control Structures/../Object Oriented Programming/Property Section/property section.htm
:include	/Language/Control Structures/../Object Oriented Programming/including namespaces in classes.htm
:using	/Language/Control Structures/using.htm
:	/Language/Symbols/Special Symbols.htm
::	/Language/Control Structures/.htm
)clear	/Language/System Commands/clear.htm
)cmd	/Language/System Commands/cmd.htm
)continue	/Language/System Commands/continue.htm
)copy	/Language/System Commands/copy.htm
)cs	/Language/System Commands/cs.htm
)drop	/Language/System Commands/drop.htm
)ed	/Language/System Commands/ed.htm
)erase	/Language/System Commands/erase.htm
)events	/Language/System Commands/events.htm
)fns	/Language/System Commands/fns.htm
)lib	/Language/System Commands/lib.htm
)load	/Language/System Commands/load.htm
)methods	/Language/System Commands/methods.htm
)ns	/Language/System Commands/ns.htm
)obs	/Language/System Commands/obs.htm
)objects	/Language/System Commands/objects.htm
)off	/Language/System Commands/off.htm
)ops	/Language/System Commands/ops.htm
)pcopy	/Language/System Commands/pcopy.htm
)props	/Language/System Commands/props.htm
)reset	/Language/System Commands/reset.htm
)save	/Language/System Commands/save.htm
)sh	/Language/System Commands/sh.htm
)si	/Language/System Commands/si.htm
)sinl	/Language/System Commands/sinl.htm
)holds	/Language/System Commands/holds.htm
)tid	/Language/System Commands/tid.htm
)vars	/Language/System Commands/vars.htm
)wsid	/Language/System Commands/wsid.htm
)xload	/Language/System Commands/xload.htm
)classes	/Language/System Commands/classes.htm
)sic	/Language/System Commands/sic.htm
