ARRAY,User commands that relate to arrays or variables
CALC,User commands that relate to manipulation of data
DEVOPS,User commands that relate to development and operations
FILE,User commands that relate to files
FN,User commands that relate to functions and operators
LINK,User commands for namespace-directory synchronisation (see https://github.com/dyalog/link/wiki)
MSWIN,User commands that relate to the Microsoft Windows operating system
NS,User commands that relate to namespaces
OUTPUT,User commands that affect the way items are displayed
PERFORMANCE,User commands that relate to consumption of computing resources
SALT,User command covers for SALT functionality
SAMPLES,User commands that demonstrate user command parsing and multi-level help
TOOLS,Development and presentation user commands
TRANSFER,User commands that convert workspaces between APL versions and dialects
UCMD,User commands that manage the user command framework
WS,User commands that relate to workspaces
